<?xml version="1.0"?>
<erabiltzaileak>
    <erabiltzailea>
        <nan>12345678K</nan>
        <izena>anton</izena>
        <pasahitza>1234</pasahitza>
        <email>anton@gmail.com</email>
        <rola>bezero</rola>
    </erabiltzailea>
    <erabiltzailea>
        <nan>24680546K</nan>
        <izena>pana</izena>
        <pasahitza>4680</pasahitza>
        <email>pana@gmail.com</email>
        <rola>bezero</rola>
    </erabiltzailea>
    <erabiltzailea>
        <nan>73044042K</nan>
        <izena>Jorge Goicoechea</izena>
        <pasahitza>920219</pasahitza>
        <email>00jgoicoechea@gmail.com</email>
        <rola>admin</rola>
    </erabiltzailea>
</erabiltzaileak>