<?xml version="1.0"?>
<erreserbak>
    <erreserba>
        <nan>12345678K</nan>
        <mahaia>5</mahaia>
        <data>2022-02-06</data>
        <time>12:03:00</time>
    </erreserba>
    <erreserba>
        <nan>24680546K</nan>
        <mahaia>2</mahaia>
        <data>2022-01-22</data>
        <time>12:02:02</time>
    </erreserba>
    <erreserba>
        <nan>73044042K</nan>
        <mahaia>4</mahaia>
        <data>2022-01-30</data>
        <time>12:00:00</time>
    </erreserba>
</erreserbak>